Date,Open,High,Low,Close,Adj Close,Volume,Ticker
2024-01-01,180.4919842255878,180.34602014510864,179.09249596305887,180.33810514076006,180.33810514076006,26214157,AAPL
2024-01-02,181.05868165092923,181.3810331663563,179.5060045947944,180.3333894728305,180.3333894728305,37287296,AAPL
2024-01-03,181.06164512869577,180.9187901066134,178.99972909368427,180.39965710449965,180.39965710449965,29827059,AAPL
2024-01-04,180.2851759929657,180.9783730982889,179.91750455039707,180.52908565646672,180.52908565646672,30223301,AAPL
2024-01-05,180.54048650521992,180.44604237478222,179.42438491322542,180.41277249399562,180.41277249399562,46619239,AAPL
2024-01-08,180.52522257712133,181.4668620800635,179.68464764537393,180.4505748523788,180.4505748523788,47893464,AAPL
2024-01-09,180.74991617706613,180.79010622708182,179.56405500751342,180.48496893131255,180.48496893131255,39543240,AAPL
2024-01-10,180.2943866144395,180.57042974596862,178.97438156680627,180.1665342974285,180.1665342974285,37153110,AAPL
2024-01-11,179.92908709886737,180.73070403494145,180.36023027320022,180.40100129024947,180.40100129024947,27327216,AAPL
2024-01-12,179.92069907259648,181.0581681019607,180.07435858351107,180.55079413312177,180.55079413312177,44484971,AAPL
2024-01-15,180.54222421798633,181.10076772809597,179.3223449874842,180.45439644443144,180.45439644443144,20622312,AAPL
2024-01-16,179.85617595955893,180.46941140875006,180.1147862033304,180.44794501801385,180.44794501801385,40260874,AAPL
2024-01-17,181.2577779460262,180.9870866740349,180.3360128539384,180.5761662517432,180.5761662517432,37071982,AAPL
2024-01-18,180.5704277598783,181.39538596838122,179.84227281940144,180.55046285404282,180.55046285404282,45796635,AAPL
2024-01-19,180.0149306322235,180.62425542666736,179.50634639695855,180.52796941357963,180.52796941357963,43117772,AAPL
2024-01-22,180.10211464530613,180.72846740334512,179.16695360891597,180.2629320713178,180.2629320713178,26446483,AAPL
2024-01-23,180.14541403920833,181.91146501545464,179.9946300147876,180.39906768400044,180.39906768400044,21587521,AAPL
2024-01-24,180.38309688423232,180.88618863986244,179.92009710934946,180.44871679456446,180.44871679456446,49757553,AAPL
2024-01-25,181.00109701439087,180.7668812185836,179.3543618201337,180.52817258956608,180.52817258956608,39876663,AAPL
2024-01-26,179.5249401345422,180.29848532102386,177.81306502957975,180.24715410075348,180.24715410075348,44225668,AAPL
2024-01-29,179.66754177590445,181.03539620937988,179.32666797714128,180.6013301435303,180.6013301435303,34235812,AAPL
2024-01-30,180.82503181681702,181.48949195092902,180.48864380572755,180.65600634030767,180.65600634030767,36010009,AAPL
2024-01-31,180.51353918236777,180.82887855529822,179.07399599964018,180.6021806160301,180.6021806160301,23730120,AAPL
2024-02-01,181.11302062879062,181.2628341882813,180.60891157998574,181.0314081097468,181.0314081097468,33346691,AAPL
2024-02-02,181.26784345957614,181.1734210650933,180.21696833324313,181.0455701913493,181.0455701913493,24384907,AAPL
2024-02-05,180.68798942225308,180.92322518678623,180.73365117071674,180.77851361095793,180.77851361095793,21259634,AAPL
2024-02-06,181.12024402928972,181.1885747355611,179.55382000491124,180.72039916079328,180.72039916079328,28060992,AAPL
2024-02-07,179.83902923296188,180.62443494067375,180.25492034776363,180.28552999293862,180.28552999293862,30483753,AAPL
2024-02-08,180.55026432004203,180.75170163589556,178.16614956917422,180.518075522911,180.518075522911,22860885,AAPL
2024-02-09,180.04194689779715,181.2097391747336,179.77469121424653,180.45732790249718,180.45732790249718,45042208,AAPL
2024-02-12,179.7663004336481,181.09151765186746,178.72525614362013,180.33125326786117,180.33125326786117,45747658,AAPL
2024-02-13,180.87580370678052,181.35943599829739,179.59170210004663,180.56807925213033,180.56807925213033,23577775,AAPL
2024-02-14,180.54462495921607,181.07369393703237,179.10081642355556,180.26009838823845,180.26009838823845,22363228,AAPL
2024-02-15,179.41833660354368,180.51997269126494,178.55485690414284,180.38932664394125,180.38932664394125,37161138,AAPL
2024-02-16,179.43749990433275,180.19266083964905,178.74808756741672,179.99849952512693,179.99849952512693,27637804,AAPL
2024-02-19,180.03403399802113,181.04721270686093,178.9021960195959,179.88804183301284,179.88804183301284,46835052,AAPL
2024-02-20,180.2042108717308,180.42375508224217,179.05786403056584,179.66909484943432,179.66909484943432,38010503,AAPL
2024-02-21,179.65033372684692,182.1191067996325,179.93005949485652,179.98331388770785,179.98331388770785,36527337,AAPL
2024-02-22,180.2663956398671,180.74925977778568,180.02431839727467,180.35830070005665,180.35830070005665,33668574,AAPL
2024-02-23,179.60743350753356,180.65394723429358,178.8337028559239,180.31410681859506,180.31410681859506,41347485,AAPL
2024-02-26,181.7592855079573,181.36009852449956,180.3221895588354,180.5038798164054,180.5038798164054,40772430,AAPL
2024-02-27,180.72700996950445,180.49006255803872,179.51671287675714,180.48944937943546,180.48944937943546,27753012,AAPL
2024-02-28,181.07187844849133,181.58904105450202,179.67636116497414,180.62457189476467,180.62457189476467,35641211,AAPL
2024-02-29,180.8244709309438,181.92222596058605,180.36080821192064,180.49546049542545,180.49546049542545,26856085,AAPL
2024-03-01,180.64181885717895,180.9043307170865,179.55580992176917,180.17519702849984,180.17519702849984,49408775,AAPL
2024-03-04,180.1399737270033,179.9425414882179,178.9436728701877,179.8359322755984,179.8359322755984,24009320,AAPL
2024-03-05,179.76627058364653,179.98891108861636,178.572211774745,179.9338643545946,179.9338643545946,28221005,AAPL
2024-03-06,180.7766524119626,180.6022716742703,178.708195266194,180.40464579419853,180.40464579419853,47278524,AAPL
2024-03-07,180.51931710477865,181.1640763272456,180.15946895851908,180.47974713714297,180.47974713714297,48005922,AAPL
2024-03-08,181.04429160281276,180.6061342402164,180.12434636178406,180.39600357211717,180.39600357211717,24837034,AAPL
2024-03-11,180.4317707743845,181.79730763739997,179.32674572610205,180.79954469543577,180.79954469543577,45080438,AAPL
2024-03-12,180.59747367529943,181.9685324203101,179.30703304409147,180.86810396147152,180.86810396147152,26314528,AAPL
2024-03-13,181.24002977333382,180.9430959804602,179.36879574610214,180.90945266613352,180.90945266613352,25962156,AAPL
2024-03-14,181.62081723184002,182.59956373418447,178.6374355832166,180.9809945146684,180.9809945146684,36149073,AAPL
2024-03-15,181.04809174278358,181.52983939725016,180.75582168616535,180.97551107714446,180.97551107714446,28017049,AAPL
2024-03-18,180.57831087406407,181.3905103687985,177.6790595108442,180.93457474769957,180.93457474769957,46916403,AAPL
2024-03-19,180.6090311642694,181.32948104280936,179.93857318049965,180.668509100325,180.668509100325,31813738,AAPL
2024-03-20,180.5406181478232,181.54175440293676,180.73411450309177,180.789730187355,180.789730187355,30941363,AAPL
2024-03-21,181.74006041875947,180.79868931783318,180.73946213534774,180.79164162872556,180.79164162872556,36648720,AAPL
2024-03-22,181.5004511879706,182.60513180956417,180.9134018675859,181.0510966131486,181.0510966131486,40289559,AAPL
2024-03-25,181.6303644380794,182.89227904129544,179.69477153668012,180.99814293777675,180.99814293777675,31666729,AAPL
2024-03-26,180.78842447381413,182.3462817384411,180.34454539412792,180.63765210228044,180.63765210228044,40080957,AAPL
2024-03-27,180.36092558353107,181.3385544618208,179.60537291925303,180.63848709815872,180.63848709815872,36110374,AAPL
2024-03-28,181.58575830359834,182.947739030336,180.4455284630454,180.99912648132747,180.99912648132747,31336919,AAPL
2024-03-29,181.77012413031727,181.4884883743477,180.586333530483,180.94314936351736,180.94314936351736,28235669,AAPL
2024-04-01,181.07684147505873,181.04485245573008,180.32326633120832,180.78586182664893,180.78586182664893,42167357,AAPL
2024-04-02,180.55567815863387,182.07504485751682,180.4570978308682,180.56780431805635,180.56780431805635,46469783,AAPL
2024-04-03,180.91892644263982,180.87096039947926,179.28471401179942,180.37843955254237,180.37843955254237,43145204,AAPL
2024-04-04,180.15346034764588,180.7910418803075,179.6227981996012,180.33901777324706,180.33901777324706,32659908,AAPL
2024-04-05,180.50588761002794,180.18282382270638,179.41028892541064,180.12361731642324,180.12361731642324,26845297,AAPL
2024-04-08,180.08792858301263,182.36908737647744,180.29983638374875,180.44372069116457,180.44372069116457,37416693,AAPL
2024-04-09,179.9225664117869,180.75387072157497,179.67703922040053,180.40774935626956,180.40774935626956,29667164,AAPL
2024-04-10,180.73323789085853,180.63413527625073,179.55108647672046,180.45001545090435,180.45001545090435,34889912,AAPL
2024-04-11,180.92714611259132,181.68631228575,179.4766504632695,180.7581810083793,180.7581810083793,23125540,AAPL
2024-04-12,182.03149728978946,183.1727312991721,180.93720860475938,181.07934410261848,181.07934410261848,35339442,AAPL
2024-04-15,180.91722558777195,181.7411706133062,180.6140305279582,181.05727912001257,181.05727912001257,40659718,AAPL
2024-04-16,181.1558620367909,181.51153562103647,180.23897817195714,181.14413825938962,181.14413825938962,22617428,AAPL
2024-04-17,180.74162134721695,181.76174198351035,180.98927660054503,181.31159100487127,181.31159100487127,48410889,AAPL
2024-04-18,180.3588107840004,181.49523248587462,180.4502732910461,181.29345090350168,181.29345090350168,29992696,AAPL
2024-04-19,180.06785577368612,181.98124360457172,180.52388109645344,180.95826329925328,180.95826329925328,43071290,AAPL
2024-04-22,181.34115772221594,182.54839157395506,180.86420493544546,181.10960378011634,181.10960378011634,43268644,AAPL
2024-04-23,180.720538793519,182.47518582560235,180.9590082247942,181.30885833846224,181.30885833846224,33518736,AAPL
2024-04-24,181.97572156696847,183.457510615189,181.09078189285134,181.41232808549768,181.41232808549768,45135039,AAPL
2024-04-25,181.95910725759165,181.85505840596923,179.0140656326127,181.24797386138232,181.24797386138232,40264751,AAPL
2024-04-26,181.08640718095563,181.2481156016022,180.72542174745917,181.22910893280803,181.22910893280803,42870039,AAPL
2024-04-29,181.9604940527705,181.77141953704987,180.8810954938784,181.13128166113432,181.13128166113432,48119134,AAPL
2024-04-30,181.20525242233322,181.81689953476092,179.88580858932065,181.09165258403146,181.09165258403146,44265099,AAPL
2024-05-01,181.93380687141828,181.94352081295435,180.8899737422935,181.37132958028178,181.37132958028178,42421765,AAPL
2024-05-02,181.58467938006447,182.62534826074128,180.5440789324971,181.6975325506084,181.6975325506084,39446635,AAPL
2024-05-03,182.3312760172593,182.17309221289707,180.6378305093196,181.85169060747276,181.85169060747276,33793561,AAPL
2024-05-06,181.51004311174626,182.47591751224877,181.34589002642616,181.98170170316968,181.98170170316968,32838473,AAPL
2024-05-07,182.44861874138996,183.52725174585137,181.8578132542749,182.1372774962567,182.1372774962567,26741379,AAPL
2024-05-08,181.9254587153577,182.47837458706127,180.89267900544422,182.15506723866844,182.15506723866844,35188206,AAPL
2024-05-09,182.09488126489637,182.978683712971,182.06678982066506,182.1601611634053,182.1601611634053,43738367,AAPL
2024-05-10,182.36150670865084,182.62953354620774,181.08697301875142,182.04564742498573,182.04564742498573,31241338,AAPL
2024-05-13,182.14103400357035,183.25361841308845,181.08225595259083,182.05467815308506,182.05467815308506,45924807,AAPL
2024-05-14,182.48967343364274,182.9792882652071,181.14349143742785,182.52686091723646,182.52686091723646,34343210,AAPL
2024-05-15,183.08474110000287,183.01603411521552,181.69360364171095,182.72085152122656,182.72085152122656,47502990,AAPL
2024-05-16,183.07420356408147,183.3932471511413,182.2085549195512,182.6726004418102,182.6726004418102,49309245,AAPL
2024-05-17,181.90587370652645,184.18449047990114,181.79984132278096,182.59837723309144,182.59837723309144,31215367,AAPL
2024-05-20,182.72510353885465,183.66295060860102,182.28592087746927,182.44563135598221,182.44563135598221,43960613,AAPL
2024-05-21,182.8761482714074,183.28632226354782,182.38938678592606,182.54064774369664,182.54064774369664,24648448,AAPL
2024-05-22,182.26322986570213,184.3797092492424,182.37567752470912,182.63908958801431,182.63908958801431,48903160,AAPL
2024-05-23,182.56348894217922,182.86546950826545,182.26580965237525,182.3705885358279,182.3705885358279,39796128,AAPL
2024-05-24,181.8258529182054,182.86678799968035,182.2695318658358,182.48796960850046,182.48796960850046,20003962,AAPL
2024-05-27,183.1138421682296,183.0660311780606,182.2017244652079,182.3941801169148,182.3941801169148,23780874,AAPL
2024-05-28,182.58079327364507,183.46184918746516,181.304060435479,182.69962041040216,182.69962041040216,37593613,AAPL
2024-05-29,182.71179639451694,183.44243303481488,180.74319544036226,182.75107653453185,182.75107653453185,39568491,AAPL
2024-05-30,183.71339727871958,183.25678150997655,181.7428286994856,183.114701298097,183.114701298097,26713715,AAPL
2024-05-31,182.97177574224992,183.57366856888297,181.49827293068475,183.0431462759987,183.0431462759987,45514282,AAPL
2024-06-03,183.3050554655489,184.26097213431774,182.3186339561814,183.00561157436917,183.00561157436917,41477231,AAPL
2024-06-04,182.56192704517693,184.13170013268999,181.3453670367105,183.085627199944,183.085627199944,42634076,AAPL
2024-06-05,183.0319854304983,184.58124198270693,182.76374301485032,183.31686284264126,183.31686284264126,49782832,AAPL
2024-06-06,182.753848799894,186.04472290425312,183.3543570326215,183.45007749145756,183.45007749145756,27360628,AAPL
2024-06-07,183.11931083981412,183.5911348770584,182.96962589292733,183.22340315883153,183.22340315883153,31325098,AAPL
2024-06-10,183.79552390761862,183.82347746667304,182.59846303382378,183.2800061935514,183.2800061935514,22592002,AAPL
2024-06-11,183.41627469595363,184.03189095722016,183.14761287532136,183.30447060375127,183.30447060375127,36929632,AAPL
2024-06-12,183.68080385767408,183.37556002093206,183.0604153820588,183.23866504212947,183.23866504212947,39295756,AAPL
2024-06-13,182.6159411254781,183.9117889410415,182.79878198581005,183.12904495853817,183.12904495853817,45537798,AAPL
2024-06-14,183.056940627555,184.25201736456532,182.76953945539546,183.49855431949757,183.49855431949757,31652789,AAPL
2024-06-17,183.2076924062971,183.98452175847856,182.79115077873112,183.44046399162931,183.44046399162931,47724833,AAPL
2024-06-18,183.57754606588793,183.5698619432025,181.82270650084342,183.29125960224002,183.29125960224002,27238470,AAPL
2024-06-19,183.61686990272062,184.92872937579685,182.18921936024975,183.43865558798902,183.43865558798902,34845438,AAPL
2024-06-20,183.47710242074461,183.76770285216378,180.4080261277231,183.48474699258733,183.48474699258733,38376431,AAPL
2024-06-21,183.80085919680496,185.00834171590594,182.89589273556993,183.48954452461848,183.48954452461848,22939183,AAPL
2024-06-24,183.590059576359,184.73503741669825,182.4634667607669,183.66575879191612,183.66575879191612,41808884,AAPL
2024-06-25,183.772669246459,183.95168974511435,182.9936874452972,183.78343148116798,183.78343148116798,32606567,AAPL
2024-06-26,184.528228301872,184.67834848177753,182.39065806521526,183.8758108872269,183.8758108872269,25020787,AAPL
2024-06-27,183.79545193722856,184.47407828691402,182.2667426633661,184.08858628627198,184.08858628627198,29509774,AAPL
2024-06-28,184.256583432061,184.2203909310842,182.62065671730412,184.16524286377094,184.16524286377094,20027087,AAPL
2024-07-01,184.8677542538029,185.2961467696738,182.03332192365997,184.06178184935,184.06178184935,26560548,AAPL
2024-07-02,184.06019530281182,184.3246709230172,183.5612363195832,184.0092429517272,184.0092429517272,43318168,AAPL
2024-07-03,184.27823703211433,184.0655257505641,183.89424113021911,183.92496029335248,183.92496029335248,21181005,AAPL
2024-07-04,183.68346996993387,184.15585291803302,183.5510247248621,183.9868108600433,183.9868108600433,48341958,AAPL
2024-07-05,184.769374659354,184.56107759045508,181.59853582179144,183.79111446716453,183.79111446716453,39487528,AAPL
2024-07-08,182.31970876311985,185.3281984741796,182.55144432068812,183.4445243726712,183.4445243726712,47162641,AAPL
2024-07-09,182.9148840307725,184.80368269802543,181.24866422609006,183.48204504972267,183.48204504972267,41745837,AAPL
2024-07-10,182.70770323123,183.53957804847028,182.04040074518898,183.23462530378706,183.23462530378706,36050963,AAPL
2024-07-11,183.67401056358477,183.59529181387302,182.63233210269505,182.86410879699798,182.86410879699798,24495449,AAPL
2024-07-12,183.13488945645366,183.6113085470323,181.34162629476785,182.9586488908318,182.9586488908318,27134903,AAPL
2024-07-15,182.70514359532882,183.81410606571202,182.0758243144663,182.83630708650657,182.83630708650657,27394042,AAPL
2024-07-16,182.31451701583404,182.98940934504142,181.74428838404097,182.9553959757993,182.9553959757993,30163170,AAPL
2024-07-17,183.05114859225327,183.29020273902051,182.68789097051769,182.86908407080284,182.86908407080284,26433226,AAPL
2024-07-18,182.7215624378662,182.84758504880446,182.43130261211206,182.66454554821593,182.66454554821593,34734045,AAPL
2024-07-19,182.08920647630595,182.6293411824773,181.7872932628786,182.4356911778518,182.4356911778518,30632094,AAPL
2024-07-22,181.60678653266345,182.51075030213158,181.7049848980547,182.35255010936243,182.35255010936243,29814088,AAPL
2024-07-23,181.76633436987464,182.44976733347968,181.29611140449444,182.31771323274293,182.31771323274293,44021334,AAPL
2024-07-24,182.27956266836253,182.91521250926056,181.98167409346402,182.17285627276084,182.17285627276084,28167378,AAPL
2024-07-25,182.29197057635585,183.86111107776733,181.58915000180735,182.13646518153888,182.13646518153888,45163417,AAPL
2024-07-26,181.88564250614053,182.8966023663662,181.6664050835643,181.84907070923407,181.84907070923407,33374385,AAPL
2024-07-29,181.79599748567634,182.78004589312698,179.94889914405923,181.8717900406238,181.8717900406238,20055279,AAPL
2024-07-30,180.64850896817765,182.4381190168809,181.4208330059273,181.53287744878946,181.53287744878946,26859219,AAPL
2024-07-31,181.53830409063366,182.10018933935086,180.42654654535625,181.51391901357584,181.51391901357584,44930096,AAPL
2024-08-01,181.1569189225858,181.70621513225302,181.55595622300632,181.67318639175647,181.67318639175647,28148213,AAPL
2024-08-02,181.93227339136524,183.17042456061884,181.1421150827426,181.9113784917786,181.9113784917786,34249152,AAPL
2024-08-05,182.50658001457904,183.28890144729618,182.24756696997997,182.27405471830807,182.27405471830807,43515684,AAPL
2024-08-06,181.64470550645922,183.05034361291104,181.82066796937917,181.9825932568708,181.9825932568708,46468526,AAPL
2024-08-07,181.6425950195714,183.24196455207067,182.06914882740105,182.15413030787218,182.15413030787218,48409322,AAPL
2024-08-08,182.91198032592033,183.52157709073632,182.33136417661953,182.41517475173728,182.41517475173728,34807391,AAPL
2024-08-09,182.8069687918411,183.3677597859581,182.0866105969009,182.63107019812884,182.63107019812884,28902012,AAPL
2024-08-12,182.14667277249072,182.91948921088047,182.01578279595861,182.46498557820527,182.46498557820527,41890565,AAPL
2024-08-13,181.0669631581374,182.68617545398064,181.50976370292673,182.56712122957586,182.56712122957586,47153280,AAPL
2024-08-14,182.934342111768,184.70267304860934,182.33845033880493,182.95890483870133,182.95890483870133,36197847,AAPL
2024-08-15,182.99378791394943,182.80844098359455,182.6208185260469,182.67921882105435,182.67921882105435,37229369,AAPL
2024-08-16,183.3550298024989,184.59622908265615,182.73355331909286,182.79425135383605,182.79425135383605,41295545,AAPL
2024-08-19,182.6975410931265,183.5764371072429,181.78272149535755,183.03647077053606,183.03647077053606,20826811,AAPL
2024-08-20,182.59539487424757,183.54260360771687,181.8375728570997,182.91691025793298,182.91691025793298,30678312,AAPL
2024-08-21,182.83180506007852,184.0706739482765,182.32321034730222,183.05325842341142,183.05325842341142,22355849,AAPL
2024-08-22,183.27779140006768,182.939455309562,182.78647596898617,182.85883048348703,182.85883048348703,32644355,AAPL
2024-08-23,182.12877681434932,183.19618883249487,181.22215354571443,182.71613582753602,182.71613582753602,20426554,AAPL
2024-08-26,182.5160249286637,184.13012651815367,181.60697284048564,182.5724633782381,182.5724633782381,45444719,AAPL
2024-08-27,182.1677928275219,183.25482094603353,182.61564176254188,182.63066509815556,182.63066509815556,42828582,AAPL
2024-08-28,182.7664798898978,183.3897835794816,182.00226774568063,182.63220564484004,182.63220564484004,21765860,AAPL
2024-08-29,182.06541980043858,183.40733755352156,181.8883668596137,182.84276214497874,182.84276214497874,25579527,AAPL
2024-08-30,182.86251657692583,183.1714881869986,182.36363751894743,182.67443647772444,182.67443647772444,25672954,AAPL
2024-09-02,182.41958478135328,183.0444011697338,181.31496408332333,182.66790823794003,182.66790823794003,22594180,AAPL
2024-09-03,182.76782803963744,183.6569252021941,182.4829599396813,182.8798471925389,182.8798471925389,26046005,AAPL
2024-09-04,183.27460020543725,184.16089274204163,182.8386825167114,183.0117230968803,183.0117230968803,41433085,AAPL
2024-09-05,183.33841888221437,183.8925856526153,182.34255203213547,182.76651214344153,182.76651214344153,28298665,AAPL
2024-09-06,182.07077357254883,183.0897578879112,182.75914290401198,182.91926707306064,182.91926707306064,37707843,AAPL
2024-09-09,183.34507213884967,183.5327939309419,182.12756630004375,182.8432946032599,182.8432946032599,32238830,AAPL
2024-09-10,183.21915796602042,184.08515801126083,182.28545068109747,182.94007996454252,182.94007996454252,26840370,AAPL
2024-09-11,182.87257513410307,183.6635331969678,182.17632209135428,183.01992108224616,183.01992108224616,20472950,AAPL
2024-09-12,183.9854866640768,183.9678018841138,182.82432789983065,183.28348690763926,183.28348690763926,26342013,AAPL
2024-09-13,183.42082310344378,183.7153522221806,182.3309999015268,183.32649799045586,183.32649799045586,23320838,AAPL
2024-09-16,183.62215139118314,183.74918083593874,182.47240417606392,182.97543298914042,182.97543298914042,36274049,AAPL
2024-09-17,182.4247595163832,182.77991164537687,182.63621653299128,182.72115432778133,182.72115432778133,42490062,AAPL
2024-09-18,182.4537157452591,184.10052874257036,181.0264841558941,182.88707562758694,182.88707562758694,43264195,AAPL
2024-09-19,183.4674285108349,183.1959806440662,182.49829748266157,182.855099954285,182.855099954285,29709428,AAPL
2024-09-20,184.1845165918089,183.39708171856853,181.93624927243846,183.1023805601365,183.1023805601365,38620822,AAPL
2024-09-23,183.49364297760604,184.12531796361705,181.68632235284508,183.17675034743394,183.17675034743394,21074251,AAPL
2024-09-24,183.4922088635059,183.09418408567257,182.04652425434872,183.04661648276553,183.04661648276553,47338136,AAPL
2024-09-25,183.04582524860754,184.35048708227225,182.1423008240239,183.2827744045205,183.2827744045205,30093717,AAPL
2024-09-26,182.47838494947902,184.20357892451665,182.94376116105298,183.14096875335312,183.14096875335312,32136157,AAPL
2024-09-27,182.63712835144065,183.76065387958778,182.404288451141,182.75011287977068,182.75011287977068,22634354,AAPL
2024-09-30,183.93269998525565,183.33290055691268,182.94953692349972,183.18254058817254,183.18254058817254,21991959,AAPL
2024-10-01,181.8898273793631,183.1581901668308,182.12012451025697,182.82005680772147,182.82005680772147,22402761,AAPL
2024-10-02,182.71933918251398,183.3578656836507,181.43700774871866,182.9670027978356,182.9670027978356,20103918,AAPL
2024-10-03,182.2171638971591,183.7671137308565,182.80607331648622,183.17443401915293,183.17443401915293,48158585,AAPL
2024-10-04,183.27764013950107,185.575372834588,182.742807348399,183.22350553407819,183.22350553407819,22405569,AAPL
2024-10-07,183.3436042447399,184.31148621478306,182.46298687881725,182.90648200762428,182.90648200762428,21658759,AAPL
2024-10-08,182.50777234074496,184.71491124944868,181.26679510335188,183.12913836177327,183.12913836177327,27846944,AAPL
2024-10-09,182.65578472137253,184.2103850176517,181.98234453282643,182.86048053473226,182.86048053473226,22718643,AAPL
2024-10-10,183.27427677190747,184.2241682256995,182.2434910474188,182.611403311357,182.611403311357,30114983,AAPL
2024-10-11,182.51448240142014,182.75943498775126,182.51309329050113,182.55871573547603,182.55871573547603,35669378,AAPL
2024-10-14,182.11643683915173,183.1687047056474,182.22560972333048,182.73606035738717,182.73606035738717,20996366,AAPL
2024-10-15,182.1575941670612,184.06530220253765,181.93725700080134,182.8157244891035,182.8157244891035,28421226,AAPL
2024-10-16,181.99019341322452,184.68590295957867,181.38702694870352,182.9975171630272,182.9975171630272,45473013,AAPL
2024-10-17,183.31507243982898,183.59234287354104,182.02464136471204,182.92842510226674,182.92842510226674,26774152,AAPL
2024-10-18,182.54056190009047,182.95228321314545,182.6955965796563,182.91362286095344,182.91362286095344,33051192,AAPL
2024-10-21,183.23116793905808,183.2630041834923,182.01979278264466,182.70582765171886,182.70582765171886,31226761,AAPL
2024-10-22,183.09559893109653,183.1505410338409,182.27176835818003,182.66208446331652,182.66208446331652,44022739,AAPL
2024-10-23,182.47032289492677,183.42885947300616,182.00841038320343,182.80033777090486,182.80033777090486,40844736,AAPL
2024-10-24,182.4960207147416,183.43743687104185,181.00156528194762,182.75999763316366,182.75999763316366,27528275,AAPL
2024-10-25,183.26402993834918,183.75960078706757,182.72679314071655,182.87471283355978,182.87471283355978,24883346,AAPL
2024-10-28,182.85439295747744,183.68879735615747,182.22277537083926,182.77967910932813,182.77967910932813,49812879,AAPL
2024-10-29,182.81473451290134,183.81613719555278,181.8667953413747,182.68081977347842,182.68081977347842,42076490,AAPL
2024-10-30,181.8847251902211,182.7951216307892,182.2169257689668,182.7082703624714,182.7082703624714,33450634,AAPL
2024-10-31,183.13776486436223,183.44057626580164,181.8662616451287,182.6889088167351,182.6889088167351,36435652,AAPL
2024-11-01,182.3893356668492,184.37203644661673,181.33896749682432,182.82699853503158,182.82699853503158,26006745,AAPL
2024-11-04,181.7475150062676,183.55119381303467,182.36935717458027,182.88226718699192,182.88226718699192,45998438,AAPL
2024-11-05,182.94148237562456,184.0666231952222,182.45914631812408,183.24994500222854,183.24994500222854,47991750,AAPL
2024-11-06,183.4366507488258,183.65238699861146,181.46675210919375,183.22565262840772,183.22565262840772,20199432,AAPL
2024-11-07,184.24836961895676,184.23144593020749,182.82590666899188,183.19980661461855,183.19980661461855,22656007,AAPL
2024-11-08,182.82496971288793,183.7414087772243,182.4106854626023,183.01138292501906,183.01138292501906,31865305,AAPL
2024-11-11,182.37064826233626,183.1490139144374,181.34497823740102,183.0355390663323,183.0355390663323,35585796,AAPL
2024-11-12,184.2534402484023,183.34856119923407,182.79505002507187,183.19170344401024,183.19170344401024,41860428,AAPL
2024-11-13,183.14335993902822,184.30661360148125,183.0084027713583,183.0632409649989,183.0632409649989,23756093,AAPL
2024-11-14,182.94231492129038,183.4550232986043,182.18250752558285,183.07290123802954,183.07290123802954,39781779,AAPL
2024-11-15,182.69821193904048,183.81861400607693,181.95746895229394,183.23620540872503,183.23620540872503,38169173,AAPL
2024-11-18,182.728425511176,184.57340874369498,182.12090413244024,183.23041450720535,183.23041450720535,26181932,AAPL
2024-11-19,183.88551243910405,185.105540042886,182.84050110016545,183.14617610121275,183.14617610121275,22012400,AAPL
2024-11-20,183.22503652757536,184.66416024164565,182.16353594888986,183.36038192768135,183.36038192768135,31570172,AAPL
2024-11-21,183.13046679421421,184.27930985058438,182.23615084058076,183.3993711950944,183.3993711950944,21626467,AAPL
2024-11-22,183.2433112330468,184.58100470760607,183.15747690059038,183.49826762424422,183.49826762424422,40655317,AAPL
2024-11-25,184.53606093804459,185.21890450254216,183.26637976515644,183.75212803149708,183.75212803149708,21686067,AAPL
2024-11-26,183.70606429774293,184.41717867191804,182.26132378647293,184.00077113692456,184.00077113692456,27567508,AAPL
2024-11-27,184.2649882409237,184.3692902602291,182.6007685753576,183.950908441806,183.950908441806,44569285,AAPL
2024-11-28,183.99846982374288,184.00110633683911,182.86008705145284,183.86539887386002,183.86539887386002,23237613,AAPL
2024-11-29,184.06146821915036,184.8000351598771,183.5938261620656,183.94183528579012,183.94183528579012,41359073,AAPL
2024-12-02,183.4962250293547,184.30573644505867,183.00161166565346,183.93485066787983,183.93485066787983,41988396,AAPL
2024-12-03,183.9037266903995,183.73626087652127,181.79103483044977,183.57444957141257,183.57444957141257,37034301,AAPL
2024-12-04,184.65340738589194,184.32265694567977,183.52913403332028,183.84909137818673,183.84909137818673,22850223,AAPL
2024-12-05,183.84643959733532,184.75841160091204,182.55130015354973,183.87253141000446,183.87253141000446,34100830,AAPL
2024-12-06,183.57950020777696,185.79457712136232,182.48167045415445,184.0393730899819,184.0393730899819,29632896,AAPL
2024-12-09,183.17866735533218,185.5188528977775,182.3474472313197,183.82435419778724,183.82435419778724,22960266,AAPL
2024-12-10,184.19691643276238,184.34178096942918,184.00302512905031,184.10155767773108,184.10155767773108,34980310,AAPL
2024-12-11,183.8674742204223,184.2386846452387,182.3683137566452,184.00346624559492,184.00346624559492,22357892,AAPL
2024-12-12,183.94930531008282,186.36487209524736,182.8173691597674,184.00149233405284,184.00149233405284,25759262,AAPL
2024-12-13,183.74667955016088,184.3786024008288,182.81936908184622,183.74076529036972,183.74076529036972,23107062,AAPL
2024-12-16,182.98912530461246,184.1525325193397,181.8722487634823,183.72693163327295,183.72693163327295,49680865,AAPL
2024-12-17,184.09126816156183,184.79640808139737,181.6304379817062,183.70052554969539,183.70052554969539,49947182,AAPL
2024-12-18,183.80016559772432,184.45823029261183,183.27798332200254,183.68300657010926,183.68300657010926,45395258,AAPL
2024-12-19,183.75295102264437,184.56333404023843,182.6457111099663,183.79025908461213,183.79025908461213,20226439,AAPL
2024-12-20,183.93780686870733,184.27740179113886,183.1307081349844,183.82187827012243,183.82187827012243,39535577,AAPL
2024-12-23,184.49965471714805,185.36502585145658,183.90008936131397,184.03658327319616,184.03658327319616,22802737,AAPL
2024-12-24,183.98921090917972,184.47845884298874,183.29109890161504,183.96249858823003,183.96249858823003,44675324,AAPL
2024-12-25,183.35772387096748,183.84504427641673,183.43692047622895,183.78284084461242,183.78284084461242,42569248,AAPL
2024-12-26,184.38168007508187,185.29105379948754,183.63723804136598,183.7985635020888,183.7985635020888,45238101,AAPL
2024-12-27,183.72711763138264,184.8339471932374,183.86982682805768,183.94377955440376,183.94377955440376,32871543,AAPL
2024-12-30,183.84951386595716,184.28954678080018,183.4567376366489,184.21224887475066,184.21224887475066,47617809,AAPL
2024-12-31,183.6135747369874,185.6508111912793,184.0411076507903,184.3945726596299,184.3945726596299,41052960,AAPL
2024-01-01,317.74853437001576,319.90031302884523,319.25040196382287,319.6469118664683,319.6469118664683,20755501,MSFT
2024-01-02,319.9279684612412,321.9722646245041,319.7525982510501,319.81079534425896,319.81079534425896,27873554,MSFT
2024-01-03,319.2609068727598,320.3375748442349,318.2511762801431,320.16257329777665,320.16257329777665,28946601,MSFT
2024-01-04,319.6455636471789,320.71266730232577,319.1943468063657,320.2230138664138,320.2230138664138,21456782,MSFT
2024-01-05,322.1577194321506,320.4130806742431,320.05845088649784,320.1612768096394,320.1612768096394,25380385,MSFT
2024-01-08,319.8719081821618,320.89101378186837,319.3456460188093,320.26049822398,320.26049822398,22952141,MSFT
2024-01-09,319.86946984324464,320.7998552450636,320.12628894418646,320.1944219832411,320.1944219832411,16291891,MSFT
2024-01-10,321.20087725831695,321.67535026138347,320.2623563095919,320.354754843807,320.354754843807,10634188,MSFT
2024-01-11,320.2320895752589,321.57970541850983,319.9598939076789,320.3830913412037,320.3830913412037,11003556,MSFT
2024-01-12,319.2457933313002,322.2497436714096,320.3845773703551,320.6913845068914,320.6913845068914,20957003,MSFT
2024-01-15,321.8317208436206,321.22831694203313,319.4622815271464,320.8199731626926,320.8199731626926,23600681,MSFT
2024-01-16,320.58137267060283,321.0303444260515,320.3459252308987,320.70305445119504,320.70305445119504,25142927,MSFT
2024-01-17,321.07118551287795,321.67583897422196,319.5848049753253,320.85114206686166,320.85114206686166,18473658,MSFT
2024-01-18,322.5962722114675,321.2200577050369,317.82046499516025,321.0649122922459,321.0649122922459,20017956,MSFT
2024-01-19,321.04608695585296,321.46672794063824,320.206250868295,320.9772774965582,320.9772774965582,23741298,MSFT
2024-01-22,321.85097902425514,321.704913151661,320.15219123142117,320.91772955629557,320.91772955629557,11843511,MSFT
2024-01-23,320.7987774198815,320.6774695172252,319.9648951339967,320.48191245187957,320.48191245187957,28656549,MSFT
2024-01-24,320.88924199333843,321.81147504644076,320.4004769494207,320.6874665791793,320.6874665791793,17090589,MSFT
2024-01-25,321.12222047272456,323.69792844285575,318.6524152593064,320.59447951263894,320.59447951263894,11719619,MSFT
2024-01-26,318.79601818699507,323.2056996371912,318.50316887534535,320.19429603579374,320.19429603579374,29523610,MSFT
2024-01-29,321.3363979334264,320.6630455244689,318.2459063740254,319.86457780031736,319.86457780031736,24301268,MSFT
2024-01-30,320.6531221034696,320.273043859213,319.00480828706856,319.84379685871437,319.84379685871437,15042275,MSFT
2024-01-31,320.6561192732906,321.5612993516567,319.9591233137908,320.0195311171803,320.0195311171803,22842694,MSFT
2024-02-01,321.21250437036207,320.2508809702821,317.8036384370224,320.02513124298275,320.02513124298275,18684335,MSFT
2024-02-02,321.774367225703,321.3160217452468,318.54545481232014,320.14272608238275,320.14272608238275,21959231,MSFT
2024-02-05,320.8941699781897,320.12031215630725,319.19308592101237,319.94550531647565,319.94550531647565,18512080,MSFT
2024-02-06,319.08081651839706,320.87982946373677,318.46367282877634,319.70016331198207,319.70016331198207,21032757,MSFT
2024-02-07,320.0818788265374,320.5119868215298,319.8420901437249,319.900101325855,319.900101325855,25588788,MSFT
2024-02-08,319.583564929006,321.2507320914408,318.9921159897441,320.0211964377937,320.0211964377937,13822438,MSFT
2024-02-09,319.37049355023623,320.8603792463495,318.97754218589307,320.03764191109565,320.03764191109565,16955495,MSFT
2024-02-12,320.2684441621661,322.64256398668016,318.86518943242305,320.31649650650405,320.31649650650405,24273500,MSFT
2024-02-13,320.7720239439407,321.8593811410067,318.87257562361617,320.1485903728406,320.1485903728406,24435997,MSFT
2024-02-14,320.384403065312,322.56366238535344,319.82330814384903,320.0867713624684,320.0867713624684,27681492,MSFT
2024-02-15,320.38640526004565,322.5800868457391,318.1580279024452,320.31418801306853,320.31418801306853,10306943,MSFT
2024-02-16,321.0399935419052,322.44446816059354,319.73855987682725,320.70380273331807,320.70380273331807,21436504,MSFT
2024-02-19,320.55209204964655,321.5459392024391,319.6413386826391,320.72746202913066,320.72746202913066,14713635,MSFT
2024-02-20,320.5459227004531,322.46550215973485,320.20127619739714,321.0852628961924,321.0852628961924,23904148,MSFT
2024-02-21,321.30486455694717,322.00345264711945,320.5737532540773,320.9865846860345,320.9865846860345,22798743,MSFT
2024-02-22,320.9522221903622,321.49703361690814,318.84630284185505,321.074289292423,321.074289292423,23683895,MSFT
2024-02-23,321.70392245559157,322.2694872087896,320.2378632571541,321.06121344474064,321.06121344474064,12494117,MSFT
2024-02-26,320.8020940852607,321.2259959944735,319.27868339359,320.7651901028442,320.7651901028442,27057642,MSFT
2024-02-27,321.2456418615758,321.0729109682354,320.29903221547426,320.8383515131333,320.8383515131333,29404494,MSFT
2024-02-28,321.1366955120623,321.5110427591631,319.5757877575296,321.0464115896206,321.0464115896206,27598464,MSFT
2024-02-29,319.61959048466423,321.4639601910983,318.2535295262614,321.03821422477745,321.03821422477745,11007191,MSFT
2024-03-01,320.79457825229343,321.42753122249434,320.76074432563473,321.04552757343396,321.04552757343396,28644837,MSFT
2024-03-04,319.35074469004184,321.36171484954434,320.9896824451875,321.3454680156143,321.3454680156143,11916119,MSFT
2024-03-05,320.7615568591059,323.78449738632276,318.92193654881584,321.1168330102189,321.1168330102189,22297459,MSFT
2024-03-06,321.8657355974144,323.2038714482119,317.98132623498424,320.83857777557586,320.83857777557586,19748996,MSFT
2024-03-07,320.0896221250735,321.9692530208844,319.92313412296954,320.72898896350273,320.72898896350273,10290728,MSFT
2024-03-08,319.75642575542236,321.1407909748917,320.14887509989006,320.5108417651429,320.5108417651429,10202213,MSFT
2024-03-11,319.5201878809673,320.8336418156336,320.455623330737,320.80123697128704,320.80123697128704,21446901,MSFT
2024-03-12,320.7869315706991,324.3279375188798,320.4777540555794,320.88427369150224,320.88427369150224,26865604,MSFT
2024-03-13,321.3174006144731,322.5698685598286,318.70811481924676,320.73251697828704,320.73251697828704,22315362,MSFT
2024-03-14,321.5562775071893,321.1759981658681,319.99289436923107,320.63064744701484,320.63064744701484,14307217,MSFT
2024-03-15,321.2727015967258,321.4593132605477,320.7802902585863,321.2238528871488,321.2238528871488,17627821,MSFT
2024-03-18,321.2084286332825,321.88366864132684,320.17529605345493,321.122793816603,321.122793816603,29734544,MSFT
2024-03-19,319.93667914467346,321.01733788702984,319.1130969196237,320.99131592892525,320.99131592892525,15787781,MSFT
2024-03-20,320.91791576791917,321.69675880725345,319.4330419647394,321.07307362530486,321.07307362530486,16507990,MSFT
2024-03-21,321.5570572208831,321.3043000663847,319.66680723769707,321.2215906486983,321.2215906486983,16008543,MSFT
2024-03-22,321.05723786576755,322.4925390849333,320.76748626465474,321.2867648163674,321.2867648163674,18688880,MSFT
2024-03-25,320.47651090689334,322.0784198089644,321.06052878352585,321.1258496613905,321.1258496613905,27593525,MSFT
2024-03-26,321.13876414426466,321.0380968066205,320.90882156780395,320.91479538758745,320.91479538758745,19684135,MSFT
2024-03-27,322.32498167481924,321.3731219136018,320.77611360146443,321.0547806204944,321.0547806204944,23449433,MSFT
2024-03-28,321.06386840807994,322.12614997888454,319.29724037418964,321.06467450710926,321.06467450710926,17856347,MSFT
2024-03-29,321.11769354353703,321.8812227385832,319.8866057942422,320.75709541983775,320.75709541983775,15785024,MSFT
2024-04-01,321.3357969700827,321.2649854598351,319.1911591456419,321.01197945384024,321.01197945384024,18165517,MSFT
2024-04-02,321.157320092977,322.2327049370762,319.81919698762357,321.1877061318014,321.1877061318014,10955873,MSFT
2024-04-03,321.8661105129235,321.2458605991583,320.7902335023591,321.16015388528143,321.16015388528143,21973499,MSFT
2024-04-04,320.68892728476305,322.0422387782418,319.4017817837603,321.12871806881077,321.12871806881077,29024576,MSFT
2024-04-05,321.36801053157694,321.4491748656624,319.8880507946833,321.19560598835704,321.19560598835704,25837203,MSFT
2024-04-08,321.2318067390706,324.0441246770047,320.85702231987545,321.07877969130084,321.07877969130084,25097659,MSFT
2024-04-09,322.5201433319964,322.33824948274616,320.80289425080053,320.8296729115889,320.8296729115889,29745264,MSFT
2024-04-10,320.36405348648094,321.6187688597533,320.07276057828733,320.9147128832565,320.9147128832565,28292532,MSFT
2024-04-11,320.0081364228012,321.46083944354405,320.00971014161405,320.64741322234204,320.64741322234204,12902509,MSFT
2024-04-12,319.9660648456541,320.9075746917092,320.6645702268322,320.7460579731557,320.7460579731557,11315860,MSFT
2024-04-15,321.06946242824233,321.3928034275185,319.06741140801245,320.4782980901831,320.4782980901831,15874903,MSFT
2024-04-16,319.53460936834244,321.01262937227114,319.51849199366177,320.47892054040386,320.47892054040386,11246960,MSFT
2024-04-17,319.26493953103653,321.9223081148896,319.53209593896526,320.47223906129904,320.47223906129904,25667994,MSFT
2024-04-18,320.28334988588415,321.5409494352305,319.94773729267865,320.8491959039276,320.8491959039276,16810873,MSFT
2024-04-19,321.1371411428907,320.6962596444513,318.43507067730854,320.6567342083541,320.6567342083541,14342160,MSFT
2024-04-22,320.28637970887297,321.86906998951133,318.2779533891178,320.3941443847251,320.3941443847251,24044632,MSFT
2024-04-23,320.33624193976743,320.9559692584672,318.5093691289427,320.28529302095234,320.28529302095234,17400727,MSFT
2024-04-24,320.2633662393315,321.54250334447744,319.1339676099004,320.08091575983735,320.08091575983735,15475320,MSFT
2024-04-25,322.35830874685604,320.5454919467481,319.8077890749656,319.98331797384816,319.98331797384816,20086671,MSFT
2024-04-26,318.8989199544374,320.2928899162198,319.38373618669743,320.0878187034904,320.0878187034904,21815603,MSFT
2024-04-29,319.2827620624966,320.42662900964115,319.23093065860155,320.2625408813898,320.2625408813898,19650638,MSFT
2024-04-30,320.049280514987,321.4691611563932,319.87196628973436,320.6147663069459,320.6147663069459,21731678,MSFT
2024-05-01,320.53752648356453,321.0258500065583,319.83284411766937,320.4877314303349,320.4877314303349,14176119,MSFT
2024-05-02,320.374984827622,322.02348004008957,317.9521647742978,321.03572623438305,321.03572623438305,25219260,MSFT
2024-05-03,320.0514154428561,324.2519711489162,320.0689438317896,321.4524377186624,321.4524377186624,29861069,MSFT
2024-05-06,321.4950393886499,321.93221160672533,320.4564984085219,321.43199443039356,321.43199443039356,11996479,MSFT
2024-05-07,320.07625819209153,322.7905650704859,319.74492694863585,320.9939604297504,320.9939604297504,24347638,MSFT
2024-05-08,320.6614741885542,321.2372266826201,319.18460940650215,320.99757614830656,320.99757614830656,25485257,MSFT
2024-05-09,320.88485336832116,323.7282337605789,319.46080043300356,321.0323043020678,321.0323043020678,26416648,MSFT
2024-05-10,320.29292931140094,321.53777627804664,319.7613788911006,320.59266982554163,320.59266982554163,23010567,MSFT
2024-05-13,319.98009152590544,321.8403799007106,319.78746024558035,320.62764041516596,320.62764041516596,28454183,MSFT
2024-05-14,321.4788668946056,322.5080790282422,320.40400489580736,320.6078029294268,320.6078029294268,19232010,MSFT
2024-05-15,320.9403453995181,320.7283592941433,318.2336192611797,320.4708434106762,320.4708434106762,25713492,MSFT
2024-05-16,320.1166657668616,322.442392229311,319.7084765042628,320.6163415755113,320.6163415755113,26231028,MSFT
2024-05-17,320.82238288702797,321.23749345636776,319.3149558284626,320.83757337324465,320.83757337324465,14035262,MSFT
2024-05-20,321.40996607715323,321.4737585447859,320.63611679165354,320.76049004943945,320.76049004943945,17322682,MSFT
2024-05-21,320.99796144270385,321.90858249580646,318.01949276292225,320.82652831931557,320.82652831931557,28148568,MSFT
2024-05-22,320.5959393572301,321.3507170888273,319.96788237254435,320.7157026515167,320.7157026515167,29651380,MSFT
2024-05-23,320.22583414182725,321.58643725761425,320.3109105623203,320.5785048260928,320.5785048260928,16579187,MSFT
2024-05-24,320.6517174027034,321.09190961526457,319.8706873238047,320.614518203431,320.614518203431,17894195,MSFT
2024-05-27,320.50679439018575,321.5145458617909,319.54352746880016,320.73930747776296,320.73930747776296,11324311,MSFT
2024-05-28,322.0321412421795,322.3888312354914,319.5263818443736,320.6467449681763,320.6467449681763,27055015,MSFT
2024-05-29,319.1668169851104,321.85860216915796,318.7092229560602,320.2240983432354,320.2240983432354,17609758,MSFT
2024-05-30,319.4056210506753,321.8943563311059,319.64035240134376,320.3613340654054,320.3613340654054,14059984,MSFT
2024-05-31,319.06428806016163,321.4267495789927,317.3972911001802,320.0620928392307,320.0620928392307,22146202,MSFT
2024-06-03,319.37660544326354,320.29355703420947,318.4394149163792,320.1065546355521,320.1065546355521,20954171,MSFT
2024-06-04,319.81443844577643,323.6839007786685,320.43057321991813,320.48241383691783,320.48241383691783,11812717,MSFT
2024-06-05,319.6099955571992,320.5855569877593,319.70378847523966,320.4990939107211,320.4990939107211,24895078,MSFT
2024-06-06,319.8869555211279,320.3481530508552,319.8835301548082,320.28118206088027,320.28118206088027,23439360,MSFT
2024-06-07,319.1077467147096,321.3864355079354,319.6786021977787,320.0089767076761,320.0089767076761,26099560,MSFT
2024-06-10,319.4903718883224,320.7959216425479,320.1683407450138,320.2630919071418,320.2630919071418,10832914,MSFT
2024-06-11,320.9051809866751,321.2836342683805,320.13535326931003,320.2797176705311,320.2797176705311,17836318,MSFT
2024-06-12,320.0064184325366,320.9106331442027,318.89411794236764,320.4076735260089,320.4076735260089,24329206,MSFT
2024-06-13,320.6744219538632,322.1392891074006,318.9241230930175,320.6129348605847,320.6129348605847,23073869,MSFT
2024-06-14,320.209171716066,322.7797110996534,319.36824630638324,320.62312831490664,320.62312831490664,28343939,MSFT
2024-06-17,320.300289084525,321.36400942265533,319.8474295833242,320.5813944355832,320.5813944355832,17246401,MSFT
2024-06-18,320.772847734842,322.23867364818426,319.5370613335768,320.41190503418284,320.41190503418284,10695502,MSFT
2024-06-19,320.1598156329884,320.2696741713702,319.05303483261895,319.8153775002258,319.8153775002258,26623746,MSFT
2024-06-20,319.1346895304566,320.2427139454209,318.4765337125803,319.5317442105794,319.5317442105794,25741990,MSFT
2024-06-21,319.6262975371314,319.60782207157166,317.3411940627627,319.53778581452036,319.53778581452036,16519937,MSFT
2024-06-24,319.5513047610685,321.6998867384318,319.12061172526154,319.5226873163485,319.5226873163485,28000419,MSFT
2024-06-25,319.45953414346405,319.7589749287078,318.1262687779002,319.62334689703295,319.62334689703295,16394652,MSFT
2024-06-26,319.4589612368956,320.35530187030844,317.13065196213887,319.61795093526007,319.61795093526007,16476033,MSFT
2024-06-27,319.5452355283053,320.4664198122809,319.28675568481856,319.6697577399226,319.6697577399226,18730411,MSFT
2024-06-28,319.5321636824696,320.6236261306387,319.513060354766,319.84724679098275,319.84724679098275,11390386,MSFT
2024-07-01,319.79325570010377,322.19461694675806,318.8058124230885,319.69016117866397,319.69016117866397,12172281,MSFT
2024-07-02,319.24349199700964,320.05511252173204,318.71017448841667,319.6526471468943,319.6526471468943,26931986,MSFT
2024-07-03,319.27607633088405,319.511067907953,319.1568983958298,319.35111638921785,319.35111638921785,11482645,MSFT
2024-07-04,318.88648954505214,320.7165941109899,318.76351249676645,319.565601102112,319.565601102112,21246935,MSFT
2024-07-05,318.89819096441045,321.5499945391017,318.4780388712996,319.5931852722704,319.5931852722704,27948105,MSFT
2024-07-08,319.73636286294453,320.58464585819934,316.6977147007482,319.71104479854915,319.71104479854915,18628516,MSFT
2024-07-09,320.33316700686055,320.2544045100334,319.84387535006874,320.0394311207348,320.0394311207348,12892486,MSFT
2024-07-10,318.34027594206464,320.46034051547093,317.6542134203506,320.2752246538811,320.2752246538811,12628515,MSFT
2024-07-11,320.42616091506477,320.78945903336665,318.7983449133035,320.2831034781973,320.2831034781973,22992738,MSFT
2024-07-12,320.42332103361906,322.38979592936437,318.31667337304134,320.4605144835904,320.4605144835904,12147590,MSFT
2024-07-15,318.9472005093258,321.1711895821631,319.5256309318043,320.194042495566,320.194042495566,24184357,MSFT
2024-07-16,319.5295834198268,321.95295705007425,319.3403339944581,320.3006881896788,320.3006881896788,22814728,MSFT
2024-07-17,320.4277664884142,322.1651847213897,318.9420539890726,320.34832905006033,320.34832905006033,13035722,MSFT
2024-07-18,320.4742763702595,321.3863737130904,319.59992285515244,320.0445292032755,320.0445292032755,11273154,MSFT
2024-07-19,319.37429302070996,320.6105836956872,319.4833881690963,320.33184234127003,320.33184234127003,17971700,MSFT
2024-07-22,320.0599889918541,320.8512055048309,319.5684369780166,320.21087128207006,320.21087128207006,18545025,MSFT
2024-07-23,321.2674164647154,322.10841999152035,318.3225015748742,320.3673567106441,320.3673567106441,29746524,MSFT
2024-07-24,321.65468855905937,320.51195432769777,319.4755692824357,320.3032047811472,320.3032047811472,22187490,MSFT
2024-07-25,321.25370555994,320.7212370240244,319.7573099569355,320.5217438504772,320.5217438504772,22703274,MSFT
2024-07-26,321.4984728688752,321.49278327755763,320.5289567174092,320.8040221901148,320.8040221901148,14836721,MSFT
2024-07-29,321.1283645242905,320.7975414836224,320.48048726547455,320.6578338368951,320.6578338368951,26374100,MSFT
2024-07-30,321.90736333624073,320.67987283074604,318.710961002758,320.371571254645,320.371571254645,14391776,MSFT
2024-07-31,321.4489834747637,320.4680178014095,319.75112800817766,320.36510207289973,320.36510207289973,16742484,MSFT
2024-08-01,320.31646507578984,321.15351227628395,319.52994449168153,320.5546939565299,320.5546939565299,15812563,MSFT
2024-08-02,320.1758370654379,320.540014772108,319.11022655865753,320.5002358635813,320.5002358635813,25821141,MSFT
2024-08-05,319.8496504028669,322.50792031994865,319.5255061741343,320.39733132394565,320.39733132394565,26952763,MSFT
2024-08-06,320.77386065935127,322.0385060856814,319.75461468652554,320.5147838431013,320.5147838431013,19622265,MSFT
2024-08-07,320.1699106708156,320.0721865766885,318.32414100262116,319.98227236037775,319.98227236037775,14295437,MSFT
2024-08-08,319.55313208160845,321.19742113078354,319.2706048100507,319.8691172507229,319.8691172507229,18522094,MSFT
2024-08-09,319.72596033624785,321.0465470515258,317.9846020038155,319.612142039846,319.612142039846,14649300,MSFT
2024-08-12,317.87518530339037,320.4610414827314,319.2077621454027,319.6908849237128,319.6908849237128,18325175,MSFT
2024-08-13,318.9070824740449,320.07306079283654,319.54598754896745,319.56341135069937,319.56341135069937,10785350,MSFT
2024-08-14,320.30097380105735,319.60852149910846,318.2204496643138,319.36015029375517,319.36015029375517,13692306,MSFT
2024-08-15,318.00519957560005,320.395337616286,319.29268931266176,319.30915276979727,319.30915276979727,19627922,MSFT
2024-08-16,318.88961340324323,320.9283369831803,318.87821580622574,319.03523607810837,319.03523607810837,15147393,MSFT
2024-08-19,318.9207403080927,320.06872386977625,318.50816749903225,319.05237264899773,319.05237264899773,12010412,MSFT
2024-08-20,318.93611551843304,319.5678769992185,316.28961474584787,318.93565586940025,318.93565586940025,25029163,MSFT
2024-08-21,319.09746348123923,319.28906614938546,316.82562657314065,318.87992616686626,318.87992616686626,29098740,MSFT
2024-08-22,317.22536849465655,320.7700322676743,318.6506335488025,318.75624910926666,318.75624910926666,11094805,MSFT
2024-08-23,319.0722949234394,319.91004863859473,318.0564846309261,318.95844874977246,318.95844874977246,14795026,MSFT
2024-08-26,319.07098387945337,319.55947894532954,318.78682342418915,318.95642161347115,318.95642161347115,27596966,MSFT
2024-08-27,318.83226675408264,319.5812675923038,316.8148104484044,319.08106416015664,319.08106416015664,16675031,MSFT
2024-08-28,319.5480317991567,319.36871795206537,318.3230828088998,319.1967580295499,319.1967580295499,17118797,MSFT
2024-08-29,318.8824250497156,320.29621320051444,317.91863633531966,319.05526129743697,319.05526129743697,14683690,MSFT
2024-08-30,316.93078003746604,319.94828414710963,318.9679843721329,319.18898612272136,319.18898612272136,27194826,MSFT
2024-09-02,318.8271551403774,320.2190405760199,316.43717088085884,319.2785347078039,319.2785347078039,29635510,MSFT
2024-09-03,317.97803016488905,319.9228361645637,317.87887213256965,319.3609880833155,319.3609880833155,18922895,MSFT
2024-09-04,318.7319256649306,320.88461828761166,317.79752428392624,319.300969896889,319.300969896889,10787814,MSFT
2024-09-05,318.19371057138585,320.20515774271644,316.6641995437025,319.23531839242384,319.23531839242384,25576854,MSFT
2024-09-06,319.62357768412954,320.31347152571936,319.0698680871871,319.412142981359,319.412142981359,18978503,MSFT
2024-09-09,320.38227723630354,319.95869286964415,319.6562074213358,319.86824600095895,319.86824600095895,24944563,MSFT
2024-09-10,319.955668071179,320.33095022595927,318.17202291663335,319.72192862327256,319.72192862327256,24553530,MSFT
2024-09-11,319.7010081874443,321.71452475622215,319.3534919159397,319.84852329951644,319.84852329951644,25195870,MSFT
2024-09-12,321.1582650000491,320.39285141504365,319.42800110271645,319.7949748424672,319.7949748424672,15174077,MSFT
2024-09-13,319.98217059990657,322.01569606044757,318.89125765971056,319.9716452571971,319.9716452571971,29441591,MSFT
2024-09-16,319.7500122426446,320.51892353985613,319.9368608702212,320.07900409165285,320.07900409165285,20567702,MSFT
2024-09-17,321.66405674540306,320.8169922957641,319.82498390747133,320.31072248397356,320.31072248397356,27985411,MSFT
2024-09-18,319.99753810198035,320.6243888128836,318.9887650869779,319.7714559543428,319.7714559543428,16340758,MSFT
2024-09-19,319.9327420820135,320.9842229840625,317.49510082459994,319.67092701202506,319.67092701202506,18139562,MSFT
2024-09-20,320.2433999888163,322.6999471504682,318.62235326956124,319.49297476220477,319.49297476220477,26359613,MSFT
2024-09-23,318.94872407284754,322.03642409766394,318.45004080546914,319.49105925165014,319.49105925165014,26906554,MSFT
2024-09-24,319.24107145608895,319.7655880182867,318.19317109436145,319.3659653779605,319.3659653779605,18270032,MSFT
2024-09-25,319.1142043955199,320.50180776632124,318.6588903265813,319.2574468362629,319.2574468362629,13557516,MSFT
2024-09-26,320.0463856713947,319.6264562785657,318.67981102760046,319.41349268541967,319.41349268541967,12098070,MSFT
2024-09-27,320.8715567763952,320.5982124076469,319.520751170201,319.81354954237224,319.81354954237224,24136302,MSFT
2024-09-30,319.148199667013,320.81117652275304,317.67221404744663,319.26845202728924,319.26845202728924,18457884,MSFT
2024-10-01,319.3899325463196,320.0987059399311,317.89047203453157,319.22602802104126,319.22602802104126,16830298,MSFT
2024-10-02,318.0195564061766,320.66353074341265,319.28525225264514,319.30810219774,319.30810219774,13091250,MSFT
2024-10-03,317.90438141491484,320.7188018949087,317.5773579983891,319.3287096851764,319.3287096851764,25617840,MSFT
2024-10-04,320.59177921780577,319.3687207215098,318.8572326909514,319.2793410104314,319.2793410104314,21311590,MSFT
2024-10-07,318.8689190905463,320.2872167550346,316.4880193847229,319.0283033419237,319.0283033419237,13427853,MSFT
2024-10-08,318.0655961653315,319.9904734653531,317.5537122046103,318.859422237652,318.859422237652,12617663,MSFT
2024-10-09,318.7569784845504,319.84082670394906,315.85248803651075,319.0240695485795,319.0240695485795,19616757,MSFT
2024-10-10,318.6913649788324,321.38657370012174,318.10214445989,319.25887053024366,319.25887053024366,15971988,MSFT
2024-10-11,318.2992642721028,320.0397776499484,318.6209129379819,319.29785153352856,319.29785153352856,25552804,MSFT
2024-10-14,318.8288936707556,320.7476998696556,318.6426357933749,319.1502607666067,319.1502607666067,19955000,MSFT
2024-10-15,318.59317612783803,320.8663744039348,317.9795128412013,319.1890443110902,319.1890443110902,16953299,MSFT
2024-10-16,318.80303709308305,320.6949348257764,318.08103790685067,319.16067537225183,319.16067537225183,19082438,MSFT
2024-10-17,319.2936857526576,319.79057917028285,318.3278949912603,319.28943300161416,319.28943300161416,20022866,MSFT
2024-10-18,319.53798312581125,320.5035378525781,318.84819040141224,319.332727241149,319.332727241149,22031004,MSFT
2024-10-21,319.8817915160935,319.9603796294449,318.88742140993764,319.22800148638794,319.22800148638794,12063812,MSFT
2024-10-22,319.6014727863908,320.51608199138866,318.42325686244135,319.28576600168594,319.28576600168594,24334111,MSFT
2024-10-23,319.86645955334967,320.36225689822925,318.87036546177086,319.06951274217374,319.06951274217374,11170767,MSFT
2024-10-24,317.86991688798247,319.5833306379325,317.7552934083942,319.2531405989991,319.2531405989991,11291008,MSFT
2024-10-25,318.7237369796376,320.03812648290943,319.4089626344775,319.5092309337982,319.5092309337982,24965736,MSFT
2024-10-28,318.73860932424594,320.8457752767594,318.63744794374054,319.29315124611196,319.29315124611196,18528251,MSFT
2024-10-29,320.0624185925242,319.45466602508117,319.2522007481159,319.3969796218107,319.3969796218107,26728532,MSFT
2024-10-30,318.5436099668217,321.4604783636873,318.14453921448865,319.218344029177,319.218344029177,28574046,MSFT
2024-10-31,320.6924196386517,319.98653560761954,318.30025043847047,319.4522956561582,319.4522956561582,28504936,MSFT
2024-11-01,319.72653135334264,321.6310290549216,319.1550090751298,319.6527320495412,319.6527320495412,29726834,MSFT
2024-11-04,318.8843037397728,319.6304786308045,318.2848369526077,319.6263070241914,319.6263070241914,14430086,MSFT
2024-11-05,319.29232984539595,320.4325863682602,319.08884242422255,319.8449023222381,319.8449023222381,16728574,MSFT
2024-11-06,318.48732973629166,320.808297140773,317.3821570723093,319.77829061811127,319.77829061811127,22279565,MSFT
2024-11-07,320.10912602489606,319.9302622346141,319.25270964871135,319.66929316797297,319.66929316797297,21698462,MSFT
2024-11-08,319.0611869273148,320.07612082393615,318.48692285124145,319.5751517122127,319.5751517122127,11278676,MSFT
2024-11-11,320.6715577658934,319.82296255215823,319.5028565981934,319.5665820994653,319.5665820994653,15632574,MSFT
2024-11-12,320.286802087145,321.0799229396538,318.90426894474587,319.52149836468004,319.52149836468004,13632648,MSFT
2024-11-13,318.90971709644384,320.3851718635126,319.2696455354366,319.5719640112354,319.5719640112354,10041851,MSFT
2024-11-14,319.9500954826594,319.636728586237,319.32668891217264,319.4685470279776,319.4685470279776,17329641,MSFT
2024-11-15,318.9745822439385,319.72327261973345,317.76155173055764,319.641079067646,319.641079067646,27424908,MSFT
2024-11-18,319.2609793129785,319.8699646191354,319.1784797281493,319.8648638460891,319.8648638460891,21160750,MSFT
2024-11-19,319.62489467160884,320.3634899163295,318.9817830812644,319.78528051460336,319.78528051460336,20826153,MSFT
2024-11-20,320.60530038819957,320.8431362850632,319.09379351806575,319.51943275885645,319.51943275885645,21959321,MSFT
2024-11-21,320.95342805803904,319.8752733504519,318.5389122985094,319.6837927601982,319.6837927601982,14672858,MSFT
2024-11-22,319.8568627540972,320.9184118415357,319.11667169250666,319.9310876110658,319.9310876110658,12048820,MSFT
2024-11-25,319.1745746201821,321.4613334897853,319.46196229475294,319.9180196494396,319.9180196494396,22905817,MSFT
2024-11-26,321.11261178691643,320.5082291607937,318.87851267849686,319.6802961596847,319.6802961596847,26826339,MSFT
2024-11-27,319.50613660750605,320.7413019410659,318.75082232276566,319.75322648460354,319.75322648460354,11297813,MSFT
2024-11-28,320.29200897229504,320.6108556052827,318.3349737424277,320.07773648635373,320.07773648635373,21423774,MSFT
2024-11-29,318.63361660230674,320.2010839033119,318.3319666526336,319.7220457924113,319.7220457924113,13713469,MSFT
2024-12-02,319.1075012430183,320.5694601116874,319.21327578571686,319.8372038206806,319.8372038206806,16604997,MSFT
2024-12-03,320.8454959400814,320.3194762359055,318.80444984326533,319.79404808034286,319.79404808034286,26953492,MSFT
2024-12-04,318.18955592188524,319.8834304692853,319.4876899521802,319.64248278330757,319.64248278330757,21953610,MSFT
2024-12-05,319.6632002207416,320.6212009841559,318.2128238769918,319.76169045849383,319.76169045849383,22142019,MSFT
2024-12-06,319.2430949884372,319.87475160610916,319.3340768943797,319.5214905683499,319.5214905683499,26714820,MSFT
2024-12-09,317.0748928461202,320.4005696745068,317.28040085389006,319.600443930886,319.600443930886,18185174,MSFT
2024-12-10,320.9534157907481,321.03157315328497,319.7040077212799,319.88265848888005,319.88265848888005,18574365,MSFT
2024-12-11,319.53566152394177,320.8910257753115,319.0884348174835,319.93755748766364,319.93755748766364,18743929,MSFT
2024-12-12,320.22505152111347,320.366776913719,318.76748413360906,319.78185250511365,319.78185250511365,10480710,MSFT
2024-12-13,320.7470164476803,320.6158312060572,318.77729603841095,319.4455486525382,319.4455486525382,17836521,MSFT
2024-12-16,319.6233214430482,319.5017058974711,318.62250756487913,319.2087133063264,319.2087133063264,12695120,MSFT
2024-12-17,317.9103922418992,318.96142113084676,318.84065807485894,318.86002358330796,318.86002358330796,23371797,MSFT
2024-12-18,320.0598876764094,319.318399570123,318.9928137554969,319.1995031975382,319.1995031975382,16237011,MSFT
2024-12-19,320.2217531180239,320.6625081161871,317.6362201917188,319.1691578633037,319.1691578633037,12916311,MSFT
2024-12-20,319.88254594454287,321.06069737293177,318.1427960972827,318.97967507336125,318.97967507336125,14726793,MSFT
2024-12-23,318.29523918518294,319.9513020076085,318.1461079806515,318.73958180928025,318.73958180928025,10361421,MSFT
2024-12-24,318.8049741903797,319.0990212397608,317.95853870028145,318.54567969853196,318.54567969853196,14066644,MSFT
2024-12-25,317.6204050965368,319.5462830788224,313.88627475121365,318.4980565622966,318.4980565622966,27488267,MSFT
2024-12-26,318.3303529895326,318.78692349565523,318.04801845826404,318.2610783752187,318.2610783752187,17848201,MSFT
2024-12-27,318.07751208016344,319.33568670706046,317.08657078237127,318.61588233913096,318.61588233913096,20627680,MSFT
2024-12-30,317.5189042053728,319.44164204889967,316.88368934510424,318.4859454266861,318.4859454266861,14055487,MSFT
2024-12-31,319.6148920430963,319.0247031070604,318.043891328612,318.34896834571225,318.34896834571225,19312096,MSFT
